clientnummer,naam,startdatum,locatie,indicatie,sector,overlijdensdatum
100000001,Wassink,23-1-2023,Huisartsenpraktijk Varsseveld,ZVW,HA,
100000001,Wassink,17-8-2025,Huisartsenpraktijk Silvolde,ZVW,HA,
100000002,Sloetjes,24-6-2022,Huisartsenpost Slingeland (Doetinchem),ZVW,HA,
100000002,Sloetjes,7-2-2024,Huisartsenpost Slingeland (Doetinchem),WMO,HA,
100000002,Sloetjes,17-3-2024,Huisartsenpost Slingeland (Doetinchem),ZVW,HA,
100000003,Kolkman,3-4-2023,Huisartsenpraktijk Overstegen (Doetinchem),ZVW,HA,
100000003,Kolkman,4-1-2025,Huisartsenpraktijk Overstegen (Doetinchem),ZVW,HA,
100000003,Kolkman,14-1-2025,Medisch Centrum Wehl,ZVW,HA,
100000004,Penterman,12-3-2024,Huisartsenpraktijk De Kruisberg (Doetinchem),ZVW,HA,
100000004,Penterman,17-2-2025,Huisartsenpraktijk De Kruisberg (Doetinchem),ZVW,HA,
100000005,Radstake,7-3-2022,Huisartsenpraktijk Varsseveld,ZVW,HA,
100000005,Radstake,11-7-2025,Huisartsenpraktijk Varsseveld,WMO,HA,
100000005,Radstake,14-8-2025,Medisch Centrum Wehl,ZVW,HA,
100000006,Weikamp,10-7-2024,Huisartsenpraktijk Silvolde,ZVW,HA,
100000006,Weikamp,25-11-2025,Huisartsenpraktijk Silvolde,ZVW,HA,
100000007,Garritsen,9-7-2023,Huisartsenpraktijk Zelhem,ZVW,HA,22-7-2025
100000007,Garritsen,20-6-2025,Huisartsenpraktijk Varsseveld,ZVW,HA,22-7-2025
100000007,Garritsen,8-7-2025,Huisartsenpost Slingeland (Doetinchem),ZVW,HA,22-7-2025
200000001,Freriks,9-8-2022,Slingeland Poli Cardiologie,ZVW,MSZ,
200000001,Freriks,17-2-2024,Slingeland Poli Interne Geneeskunde,ZVW,MSZ,
200000001,Freriks,15-3-2026,Slingeland Poli Geriatrie,ZVW,MSZ,
200000002,Gotink,27-7-2022,Slingeland Poli Geriatrie,ZVW,MSZ,
200000002,Gotink,7-5-2024,Slingeland Poli Orthopedie,ZVW,MSZ,
200000002,Gotink,13-12-2024,Slingeland Poli Orthopedie,ZVW,MSZ,
200000003,Rensink,12-10-2024,Slingeland Poli Cardiologie,WMO,MSZ,
200000003,Rensink,26-3-2025,Slingeland Poli Neurologie,ZVW,MSZ,
200000004,Vreeman,2-6-2023,Slingeland Poli Interne Geneeskunde,ZVW,MSZ,
200000004,Vreeman,29-6-2023,Slingeland Poli Geriatrie,ZVW,MSZ,
200000004,Vreeman,5-4-2025,Slingeland Poli Interne Geneeskunde,ZVW,MSZ,
200000005,Tuenter,11-2-2023,Slingeland Poli Interne Geneeskunde,ZVW,MSZ,
200000005,Tuenter,30-5-2024,Slingeland Poli Neurologie,ZVW,MSZ,
200000005,Tuenter,2-10-2025,Slingeland Poli Geriatrie,ZVW,MSZ,
200000006,Obbink,3-3-2022,Slingeland SEH,ZVW,MSZ,
200000006,Obbink,29-5-2025,Slingeland Poli Interne Geneeskunde,ZVW,MSZ,
200000006,Obbink,14-6-2025,Slingeland Poli Interne Geneeskunde,ZVW,MSZ,
200000007,Wentink,30-11-2023,Slingeland SEH,ZVW,MSZ,
200000007,Wentink,27-3-2024,Slingeland Poli Geriatrie,WMO,MSZ,
200000008,Roerdink,4-6-2022,Slingeland SEH,WMO,MSZ,30-1-2025
200000008,Roerdink,1-9-2024,Slingeland Poli Neurologie,ZVW,MSZ,30-1-2025
200000008,Roerdink,4-12-2024,Slingeland Poli Geriatrie,ZVW,MSZ,30-1-2025
300000001,Nijman,7-3-2022,Huisartsenpraktijk Terborg,ZVW,HA,
300000002,Cornegoor,16-12-2024,Huisartsenpost Slingeland (Doetinchem),WLZ,HA,
300000003,te Winkel,31-12-2022,Slingeland SEH,WLZ,MSZ,
300000003,te Winkel,13-3-2023,Slingeland SEH,ZVW,MSZ,
300000005,Damkot,25-8-2023,Slingeland SEH,ZVW,MSZ,
300000005,Damkot,5-1-2025,Slingeland SEH,ZVW,MSZ,
300000006,Klein Holte,11-4-2023,Slingeland SEH,ZVW,MSZ,
300000006,Klein Holte,1-8-2023,Slingeland SEH,ZVW,MSZ,
300000009,Cliënt 300000009,26-5-2022,Sensire Wijkverpleging Doetinchem,-,VVT,
300000009,Cliënt 300000009,17-10-2022,Sensire Wijkverpleging Doetinchem,-,VVT,
300000012,Cliënt 300000012,13-4-2023,Sensire Wijkverpleging Doetinchem,-,VVT,
300000012,Cliënt 300000012,24-9-2023,Sensire Wijkverpleging Doetinchem,-,VVT,
300000018,Cliënt 300000018,12-9-2023,Sensire Wijkverpleging Varsseveld,-,VVT,
300000018,Cliënt 300000018,12-12-2023,Sensire Wijkverpleging Varsseveld,-,VVT,
300000020,Jansen op de Haar,5-4-2023,Huisartsenpost Slingeland (Doetinchem),WMO,HA,
300000021,Mentink,27-8-2022,Slingeland Poli Orthopedie,WMO,MSZ,
300000021,Mentink,15-5-2025,Slingeland Poli Orthopedie,ZVW,MSZ,
300000022,Stortelder,18-11-2022,Huisartsenpraktijk Ulft,WLZ,HA,
300000023,Cliënt 300000023,17-8-2025,Sensire Wijkverpleging Varsseveld,-,VVT,
300000023,Cliënt 300000023,22-4-2026,Sensire Wijkverpleging Varsseveld,-,VVT,
300000025,Lammers,28-7-2025,Huisartsenpraktijk Overstegen (Doetinchem),WLZ,HA,
300000026,Nijenhuis,24-8-2023,Huisartsenpraktijk Varsseveld,WMO,HA,
300000027,Lettink,18-4-2024,Slingeland Afdeling Geriatrie,ZVW,MSZ,
300000027,Lettink,7-1-2026,Slingeland Afdeling Geriatrie,ZVW,MSZ,
300000028,Abbink,21-5-2022,Slingeland SEH,WLZ,MSZ,
300000028,Abbink,7-10-2022,Slingeland SEH,WLZ,MSZ,
300000028,Abbink,29-9-2025,Slingeland SEH,ZVW,MSZ,
300000029,Ottink,5-8-2025,Huisartsenpost Slingeland (Doetinchem),ZVW,HA,
300000030,Luimes,19-6-2024,Huisartsenpraktijk De Kruisberg (Doetinchem),WLZ,HA,
310000004,Saalmink,30-4-2023,Huisartsenpraktijk De Kruisberg (Doetinchem),WMO,HA,
310000004,Saalmink,27-7-2024,Huisartsenpraktijk De Kruisberg (Doetinchem),WMO,HA,
310000005,Jolink,21-8-2024,Slingeland Poli Cardiologie,ZVW,MSZ,
310000007,Cliënt 310000007,6-7-2023,Marga Klompé Thuiszorg Groenlo,-,VVT,
310000007,Cliënt 310000007,13-10-2025,Marga Klompé Thuiszorg Groenlo,-,VVT,
310000008,Navis,26-6-2022,Huisartsenpost Slingeland (Doetinchem),ZVW,HA,
310000008,Navis,13-10-2023,Huisartsenpost Slingeland (Doetinchem),ZVW,HA,
310000010,Ruesink,24-8-2024,Huisartsenpraktijk Ulft,WLZ,HA,
310000010,Ruesink,30-3-2026,Huisartsenpraktijk Ulft,-,HA,
310000012,Geerdink,8-11-2024,Huisartsenpraktijk Silvolde,ZVW,HA,
310000013,Lubbers,31-12-2021,Huisartsenpraktijk De Kruisberg (Doetinchem),ZVW,HA,
310000013,Lubbers,1-6-2022,Huisartsenpraktijk De Kruisberg (Doetinchem),-,HA,
310000014,Leemreis,8-11-2023,Slingeland SEH,WMO,MSZ,
310000014,Leemreis,14-12-2024,Slingeland Poli Interne Geneeskunde,WMO,MSZ,
310000015,Zieverink,21-11-2021,Slingeland Poli Neurologie,Indicatiebesluit partnerverblijf,MSZ,
310000015,Zieverink,22-5-2022,Slingeland Poli Neurologie,WMO,MSZ,
310000015,Zieverink,10-1-2023,Slingeland Poli Geriatrie,-,MSZ,
310000016,Tankink,20-4-2024,Huisartsenpraktijk Terborg,ZVW,HA,
310000016,Tankink,28-10-2025,Huisartsenpraktijk Terborg,-,HA,
310000017,Groot Zevert,6-7-2022,Huisartsenpraktijk Silvolde,ZVW,HA,
310000018,Cliënt 310000018,20-12-2023,Marga Klompé Thuiszorg Groenlo,-,VVT,
310000018,Cliënt 310000018,24-5-2025,Marga Klompé Thuiszorg Groenlo,-,VVT,
310000019,Cliënt 310000019,28-9-2025,Marga Klompé Thuiszorg Winterswijk,-,VVT,
310000020,Wisselink,11-11-2022,Slingeland Poli Orthopedie,ZVW,MSZ,
310000021,ter Maat,8-6-2025,Slingeland Poli Geriatrie,ZVW,MSZ,
310000024,Veldkamp,11-7-2024,Slingeland SEH,WMO,MSZ,
310000024,Veldkamp,1-3-2025,Slingeland Poli Orthopedie,-,MSZ,
310000027,Cliënt 310000027,12-3-2024,Marga Klompé Thuiszorg Winterswijk,-,VVT,
310000027,Cliënt 310000027,12-10-2024,Marga Klompé Thuiszorg Winterswijk,-,VVT,
310000029,Hummelink,9-5-2024,Huisartsenpraktijk Zelhem,ZVW,HA,
310000029,Hummelink,18-9-2025,Huisartsenpraktijk Zelhem,-,HA,
