clientnummer,persoon,startDatum,locatie,indicatie,zorgprofiel,leveringsvorm,einddatum,overlijdensdatum
300000001,Nijman,8-5-2022,Sensire - Sydehem,WLZ,8VV,MPT,29-6-2022,29-6-2022
300000002,Cornegoor,18-1-2025,Sensire - Sydehem,WLZ,6VV,Verblijf in instelling,,
300000003,te Winkel,19-1-2023,Sensire - De Lunette,WLZ,6VV,Verblijf in instelling,12-3-2023,
300000004,Cliënt 300000004,8-8-2025,Sensire - Den Ooiman,WLZ,5VV,VPT,1-9-2025,1-9-2025
300000005,Damkot,30-8-2023,Sensire - De Bundeling,WLZ,6VV,VPT,4-1-2025,
300000006,Klein Holte,6-6-2023,Sensire - De Lunette,WLZ,5VV,VPT,31-7-2023,
300000007,Cliënt 300000007,10-12-2023,Sensire - De Bundeling,WLZ,6VV,Verblijf in instelling,25-5-2026,
300000008,Cliënt 300000008,25-6-2023,Sensire - Sydehem,WLZ,5VV,Verblijf in instelling,30-3-2024,
300000009,Cliënt 300000009,1-6-2022,Sensire - Sydehem,WLZ,5VV,Verblijf in instelling,16-10-2022,
300000010,Cliënt 300000010,10-9-2024,Sensire - Sydehem,WLZ,5VV,Verblijf in instelling,2-2-2026,
300000011,Cliënt 300000011,31-7-2022,Sensire - De Lunette,WLZ,6VV,Verblijf in instelling,12-8-2024,
300000011,Cliënt 300000011,13-9-2025,Sensire - De Lunette,WLZ,8VV,Verblijf in instelling,22-3-2026,
300000012,Cliënt 300000012,8-7-2023,Sensire - De Lunette,WLZ,6VV,Verblijf in instelling,5-9-2023,
300000013,Cliënt 300000013,19-12-2023,Sensire - Den Ooiman,WLZ,9BVV,Verblijf in instelling,5-4-2024,
300000014,Cliënt 300000014,14-8-2024,Sensire - Den Ooiman,WLZ,9BVV,Verblijf in instelling,21-11-2024,
300000015,Cliënt 300000015,23-1-2023,Sensire - Den Ooiman,WLZ,6VV,MPT,26-3-2024,
300000016,Cliënt 300000016,27-3-2025,Sensire - De Bundeling,WLZ,7VV,Verblijf in instelling,,
300000017,Cliënt 300000017,31-5-2023,Sensire - Sydehem,WLZ,6VV,VPT,17-12-2023,
300000017,Cliënt 300000017,30-12-2024,Sensire - Den Ooiman,WLZ,7VV,Verblijf in instelling,26-2-2026,
300000018,Cliënt 300000018,4-10-2023,Sensire - Sydehem,WLZ,5VV,Verblijf in instelling,18-11-2023,
300000019,Cliënt 300000019,29-7-2024,Sensire - De Bundeling,WLZ,5VV,PGB,30-8-2024,30-8-2024
300000020,Jansen op de Haar,31-5-2023,Sensire - De Lunette,WLZ,6VV,Verblijf in instelling,28-7-2023,
300000021,Mentink,4-10-2022,Sensire - Den Ooiman,WLZ,8VV,VPT,14-5-2025,
300000022,Stortelder,2-1-2023,Sensire - Den Ooiman,WLZ,4VV,Verblijf in instelling,15-2-2024,
300000023,Cliënt 300000023,21-10-2025,Sensire - De Lunette,WLZ,5VV,Verblijf in instelling,7-4-2026,
300000024,Cliënt 300000024,19-2-2023,Sensire - Den Ooiman,WLZ,7VV,PGB,22-3-2023,
300000025,Lammers,17-8-2025,Sensire - Den Ooiman,WLZ,7VV,Verblijf in instelling,,
300000026,Nijenhuis,6-10-2023,Sensire - Den Ooiman,WLZ,5VV,Verblijf in instelling,26-4-2024,
300000027,Lettink,21-6-2024,Sensire - Den Ooiman,WLZ,5VV,VPT,6-1-2026,
300000028,Abbink,8-11-2022,Sensire - De Bundeling,WLZ,7VV,Verblijf in instelling,28-9-2025,
300000029,Ottink,21-8-2025,Sensire - De Lunette,WLZ,6VV,Verblijf in instelling,,
300000030,Luimes,12-9-2024,Sensire - Sydehem,WLZ,8VV,Verblijf in instelling,7-9-2025,
300000031,Cliënt 300000031,25-1-2023,Sensire - Den Ooiman,WLZ,4VV,PGB,17-3-2024,
300000031,Cliënt 300000031,18-3-2024,Sensire - Sydehem,WLZ,5VV,Verblijf in instelling,21-9-2025,
300000032,Cliënt 300000032,21-4-2022,Sensire - De Bundeling,WLZ,5VV,Verblijf in instelling,27-3-2023,
300000032,Cliënt 300000032,28-3-2023,Sensire - De Bundeling,WLZ,6VV,Verblijf in instelling,20-2-2024,
300000033,Cliënt 300000033,30-5-2022,Sensire - De Lunette,WLZ,4VV,Verblijf in instelling,5-7-2023,
300000033,Cliënt 300000033,6-7-2023,Sensire - De Lunette,WLZ,5VV,Verblijf in instelling,31-1-2024,
310000001,Cliënt 310000001,22-10-2025,Marga Klompé - De Molenberg,WLZ,7VV,Verblijf in instelling,,
310000002,Cliënt 310000002,17-2-2022,Marga Klompé - Pronsweide,WLZ,6VV,Verblijf in instelling,23-10-2024,
310000002,Cliënt 310000002,31-12-2025,Marga Klompé - De Hoge Weide,WLZ,8VV,Verblijf in instelling,,
310000003,Cliënt 310000003,13-2-2022,Marga Klompé - De Molenberg,WLZ,7VV,Verblijf in instelling,4-10-2022,
310000004,Saalmink,20-5-2023,Marga Klompé - Het Ambthuis,WLZ,4VV,Verblijf in instelling,3-7-2024,
310000005,Jolink,16-9-2024,Marga Klompé - Het Ambthuis,WLZ,6VV,PGB,17-8-2025,17-8-2025
310000006,Cliënt 310000006,31-3-2022,Marga Klompé - Pronsweide,WLZ,6VV,Verblijf in instelling,8-5-2022,
310000007,Cliënt 310000007,18-8-2023,Marga Klompé - Beth San,WLZ,6VV,Verblijf in instelling,22-9-2025,
310000008,Navis,1-8-2022,Marga Klompé - Pronsweide,WLZ,7VV,Verblijf in instelling,4-9-2023,
310000009,Cliënt 310000009,20-10-2024,Marga Klompé - Het Ambthuis,WLZ,7VV,Verblijf in instelling,13-8-2025,
310000010,Ruesink,30-9-2024,Marga Klompé - De Molenberg,WLZ,6VV,Verblijf in instelling,23-3-2026,
310000011,Cliënt 310000011,26-10-2025,Marga Klompé - Het Ambthuis,WLZ,5VV,PGB,,
310000012,Geerdink,16-1-2025,Marga Klompé - Pronsweide,WLZ,5VV,Verblijf in instelling,,
310000013,Lubbers,20-1-2022,Marga Klompé - Beth San,WLZ,9BVV,Verblijf in instelling,18-5-2022,
310000014,Leemreis,16-12-2023,Marga Klompé - Het Ambthuis,WLZ,7VV,Verblijf in instelling,13-12-2024,
310000015,Zieverink,12-7-2022,Marga Klompé - Hassinkhof,WLZ,6VV,PGB,30-12-2022,
310000016,Tankink,10-5-2024,Marga Klompé - Pronsweide,WLZ,5VV,Verblijf in instelling,26-9-2025,
310000017,Groot Zevert,18-7-2022,Marga Klompé - Pronsweide,WLZ,7VV,VPT,19-7-2023,19-7-2023
310000018,Cliënt 310000018,17-1-2024,Marga Klompé - Hassinkhof,WLZ,6VV,Verblijf in instelling,1-5-2025,
310000019,Cliënt 310000019,2-11-2025,Marga Klompé - Hassinkhof,WLZ,5VV,Verblijf in instelling,,
310000020,Wisselink,14-12-2022,Marga Klompé - De Molenberg,WLZ,7VV,Verblijf in instelling,31-12-2025,31-12-2025
310000021,ter Maat,14-8-2025,Marga Klompé - Het Ambthuis,WLZ,6VV,MPT,,
310000022,Cliënt 310000022,15-3-2024,Marga Klompé - Het Ambthuis,WLZ,6VV,MPT,19-7-2024,
310000023,Cliënt 310000023,5-4-2024,Marga Klompé - Hassinkhof,WLZ,5VV,PGB,25-2-2026,
310000024,Veldkamp,9-10-2024,Marga Klompé - De Hoge Weide,WLZ,7VV,Verblijf in instelling,17-2-2025,
310000025,Cliënt 310000025,18-11-2022,Marga Klompé - Het Ambthuis,WLZ,5VV,Verblijf in instelling,11-1-2024,
310000025,Cliënt 310000025,26-11-2024,Marga Klompé - De Molenberg,WLZ,7VV,Verblijf in instelling,7-1-2025,
310000026,Cliënt 310000026,29-1-2022,Marga Klompé - Beth San,WLZ,8VV,MPT,7-3-2022,7-3-2022
310000027,Cliënt 310000027,16-5-2024,Marga Klompé - Het Ambthuis,WLZ,7VV,Verblijf in instelling,30-9-2024,
310000028,Cliënt 310000028,13-6-2023,Marga Klompé - Pronsweide,WLZ,8VV,MPT,29-10-2024,
310000029,Hummelink,8-6-2024,Marga Klompé - Pronsweide,WLZ,7VV,Verblijf in instelling,24-8-2025,
310000030,Cliënt 310000030,2-4-2023,Marga Klompé - Pronsweide,WLZ,9BVV,Verblijf in instelling,6-6-2023,
310000031,Cliënt 310000031,5-4-2022,Marga Klompé - Het Ambthuis,WLZ,6VV,MPT,20-1-2023,
310000031,Cliënt 310000031,21-1-2023,Marga Klompé - Het Ambthuis,WLZ,7VV,Verblijf in instelling,24-6-2023,
310000032,Cliënt 310000032,10-10-2023,Marga Klompé - De Hoge Weide,WLZ,4VV,Verblijf in instelling,30-12-2024,
310000032,Cliënt 310000032,31-12-2024,Marga Klompé - Hassinkhof,WLZ,6VV,Verblijf in instelling,26-11-2025,
310000033,Cliënt 310000033,27-12-2023,Marga Klompé - Beth San,WLZ,4VV,Verblijf in instelling,26-6-2024,
310000033,Cliënt 310000033,27-6-2024,Marga Klompé - Beth San,WLZ,6VV,Verblijf in instelling,9-3-2025,
