clientnummer,persoon,overleden
100000001,Wassink,nee
100000002,Sloetjes,nee
100000003,Kolkman,nee
100000004,Penterman,nee
100000005,Radstake,nee
100000006,Weikamp,nee
100000007,Garritsen,ja
300000001,Nijman,nee
300000002,Cornegoor,nee
300000020,Jansen op de Haar,nee
300000022,Stortelder,nee
300000025,Lammers,nee
300000026,Nijenhuis,nee
300000029,Ottink,nee
300000030,Luimes,nee
310000004,Saalmink,nee
310000008,Navis,nee
310000010,Ruesink,nee
310000012,Geerdink,nee
310000013,Lubbers,nee
310000016,Tankink,nee
310000017,Groot Zevert,nee
310000029,Hummelink,nee
