clientnummer,wlz_start,wlz_eind,wlz_start_jaar,verblijfsduur_dagen,verblijfsduur_klasse,zorgprofiel,leveringsvorm,locatie,instroom_type,uitstroom_reden,voor_start,voor_sector,voor_locatie,na_start,na_sector,na_locatie,vorige_zorgprofiel,vorige_wlz_eind,vorige_locatie,volgende_zorgprofiel,volgende_wlz_start,volgende_locatie
310000001,2025-10-22,,2025,,,7VV,instelling,De Molenberg,nieuw,nog_in_zorg,,,,,,,,,,,,
310000002,2022-02-17,2024-10-23,2022,979,>2jr,6VV,instelling,Pronsweide,nieuw,uitstroom_onbekend,,,,,,,,,,,,
310000002,2025-12-31,,2025,,,8VV,instelling,De Hoge Weide,heropname,nog_in_zorg,,,,,,,,,,,,
310000003,2022-02-13,2022-10-04,2022,233,6-12mnd,7VV,instelling,De Molenberg,nieuw,uitstroom_onbekend,,,,,,,,,,,,
310000004,2023-05-20,2024-07-03,2023,410,1-2jr,4VV,instelling,Het Ambthuis,nieuw,uitstroom_onbekend,,,,,,,,,,,,
310000005,2024-09-16,2025-08-17,2024,335,6-12mnd,6VV,pgb,Het Ambthuis,nieuw,overleden,,,,,,,,,,,,
310000006,2022-03-31,2022-05-08,2022,38,1-3mnd,6VV,instelling,Pronsweide,nieuw,uitstroom_onbekend,,,,,,,,,,,,
310000007,2023-08-18,2025-09-22,2023,766,>2jr,6VV,instelling,Beth San,eigen_zorgcontact,doorstroom_zorgcontact,2023-07-06,VVT,Marga Klompé Thuiszorg Groenlo,2025-10-13,VVT,Marga Klompé Thuiszorg Groenlo,,,,,,
310000008,2022-08-01,2023-09-04,2022,399,1-2jr,7VV,instelling,Pronsweide,nieuw,uitstroom_onbekend,,,,,,,,,,,,
310000009,2024-10-20,2025-08-13,2024,297,6-12mnd,7VV,instelling,Het Ambthuis,nieuw,uitstroom_onbekend,,,,,,,,,,,,
310000010,2024-09-30,2026-03-23,2024,539,1-2jr,6VV,instelling,De Molenberg,nieuw,uitstroom_onbekend,,,,,,,,,,,,
310000011,2025-10-26,,2025,,,5VV,pgb,Het Ambthuis,nieuw,nog_in_zorg,,,,,,,,,,,,
310000012,2025-01-16,,2025,,,5VV,instelling,Pronsweide,nieuw,nog_in_zorg,,,,,,,,,,,,
310000013,2022-01-20,2022-05-18,2022,118,3-6mnd,9BVV,instelling,Beth San,nieuw,uitstroom_onbekend,,,,,,,,,,,,
310000014,2023-12-16,2024-12-13,2023,363,6-12mnd,7VV,instelling,Het Ambthuis,nieuw,uitstroom_onbekend,,,,,,,,,,,,
310000015,2022-07-12,2022-12-30,2022,171,3-6mnd,6VV,pgb,Hassinkhof,nieuw,uitstroom_onbekend,,,,,,,,,,,,
310000016,2024-05-10,2025-09-26,2024,504,1-2jr,5VV,instelling,Pronsweide,nieuw,uitstroom_onbekend,,,,,,,,,,,,
310000017,2022-07-18,2023-07-19,2022,366,1-2jr,7VV,vpt,Pronsweide,nieuw,overleden,,,,,,,,,,,,
310000018,2024-01-17,2025-05-01,2024,470,1-2jr,6VV,instelling,Hassinkhof,eigen_zorgcontact,doorstroom_zorgcontact,2023-12-20,VVT,Marga Klompé Thuiszorg Groenlo,2025-05-24,VVT,Marga Klompé Thuiszorg Groenlo,,,,,,
310000019,2025-11-02,,2025,,,5VV,instelling,Hassinkhof,eigen_zorgcontact,nog_in_zorg,2025-09-28,VVT,Marga Klompé Thuiszorg Winterswijk,,,,,,,,,
310000020,2022-12-14,2025-12-31,2022,1113,>2jr,7VV,instelling,De Molenberg,nieuw,overleden,,,,,,,,,,,,
310000021,2025-08-14,,2025,,,6VV,mpt,Het Ambthuis,nieuw,nog_in_zorg,,,,,,,,,,,,
310000022,2024-03-15,2024-07-19,2024,126,3-6mnd,6VV,mpt,Het Ambthuis,nieuw,uitstroom_onbekend,,,,,,,,,,,,
310000023,2024-04-05,2026-02-25,2024,691,1-2jr,5VV,pgb,Hassinkhof,nieuw,uitstroom_onbekend,,,,,,,,,,,,
310000024,2024-10-09,2025-02-17,2024,131,3-6mnd,7VV,instelling,De Hoge Weide,nieuw,uitstroom_onbekend,,,,,,,,,,,,
310000025,2022-11-18,2024-01-11,2022,419,1-2jr,5VV,instelling,Het Ambthuis,nieuw,uitstroom_onbekend,,,,,,,,,,,,
310000025,2024-11-26,2025-01-07,2024,42,1-3mnd,7VV,instelling,De Molenberg,heropname,uitstroom_onbekend,,,,,,,,,,,,
310000026,2022-01-29,2022-03-07,2022,37,1-3mnd,8VV,mpt,Beth San,nieuw,overleden,,,,,,,,,,,,
310000027,2024-05-16,2024-09-30,2024,137,3-6mnd,7VV,instelling,Het Ambthuis,eigen_zorgcontact,doorstroom_zorgcontact,2024-03-12,VVT,Marga Klompé Thuiszorg Winterswijk,2024-10-12,VVT,Marga Klompé Thuiszorg Winterswijk,,,,,,
310000028,2023-06-13,2024-10-29,2023,504,1-2jr,8VV,mpt,Pronsweide,nieuw,uitstroom_onbekend,,,,,,,,,,,,
310000029,2024-06-08,2025-08-24,2024,442,1-2jr,7VV,instelling,Pronsweide,nieuw,uitstroom_onbekend,,,,,,,,,,,,
310000030,2023-04-02,2023-06-06,2023,65,1-3mnd,9BVV,instelling,Pronsweide,nieuw,uitstroom_onbekend,,,,,,,,,,,,
310000031,2022-04-05,2023-01-20,2022,290,6-12mnd,6VV,mpt,Het Ambthuis,nieuw,herindicatie,,,,,,,,,,7VV,2023-01-21,Het Ambthuis
310000031,2023-01-21,2023-06-24,2023,154,3-6mnd,7VV,instelling,Het Ambthuis,herindicatie,uitstroom_onbekend,,,,,,,6VV,2023-01-20,Het Ambthuis,,,
310000032,2023-10-10,2024-12-30,2023,447,1-2jr,4VV,instelling,De Hoge Weide,nieuw,herindicatie,,,,,,,,,,6VV,2024-12-31,Hassinkhof
310000032,2024-12-31,2025-11-26,2024,330,6-12mnd,6VV,instelling,Hassinkhof,herindicatie,uitstroom_onbekend,,,,,,,4VV,2024-12-30,De Hoge Weide,,,
310000033,2023-12-27,2024-06-26,2023,182,6-12mnd,4VV,instelling,Beth San,nieuw,herindicatie,,,,,,,,,,6VV,2024-06-27,Beth San
310000033,2024-06-27,2025-03-09,2024,255,6-12mnd,6VV,instelling,Beth San,herindicatie,uitstroom_onbekend,,,,,,,4VV,2024-06-26,Beth San,,,
