clientnummer,overleden,overlijdensdatum
300000001,ja,2022-06-29
300000002,nee,
300000003,nee,
300000004,ja,2025-09-01
300000005,nee,
300000006,nee,
300000007,nee,
300000008,nee,
300000009,nee,
300000010,nee,
300000011,nee,
300000012,nee,
300000013,nee,
300000014,nee,
300000015,nee,
300000016,nee,
300000017,nee,
300000018,nee,
300000019,ja,2024-08-30
300000020,nee,
300000021,nee,
300000022,nee,
300000023,nee,
300000024,nee,
300000025,nee,
300000026,nee,
300000027,nee,
300000028,nee,
300000029,nee,
300000030,nee,
300000031,nee,
300000032,nee,
300000033,nee,
