"clientnummer","wlz_start","wlz_eind","wlz_start_jaar","verblijfsduur_dagen","verblijfsduur_klasse","zorgprofiel","leveringsvorm","locatie","instroom_type","uitstroom_reden","voor_start","voor_sector","voor_locatie","na_start","na_sector","na_locatie","vorige_zorgprofiel","vorige_wlz_eind","vorige_locatie","volgende_zorgprofiel","volgende_wlz_start","volgende_locatie"
"300000001","2022-05-08","2022-06-29","2022","52","1-3mnd","8VV","mpt","Sydehem","nieuw","overleden","","","","","","","","","","","",""
"300000002","2025-01-18","","2025","","","6VV","instelling","Sydehem","nieuw","nog_in_zorg","","","","","","","","","","","",""
"300000003","2023-01-19","2023-03-12","2023","52","1-3mnd","6VV","instelling","De Lunette","nieuw","uitstroom_ziekenhuis","","","","","","","","","","","",""
"300000004","2025-08-08","2025-09-01","2025","24","<1mnd","5VV","vpt","Den Ooiman","nieuw","overleden","","","","","","","","","","","",""
"300000005","2023-08-30","2025-01-04","2023","493","1-2jr","6VV","vpt","De Bundeling","nieuw","uitstroom_ziekenhuis","","","","","","","","","","","",""
"300000006","2023-06-06","2023-07-31","2023","55","1-3mnd","5VV","vpt","De Lunette","nieuw","uitstroom_ziekenhuis","","","","","","","","","","","",""
"300000007","2023-12-10","2026-05-25","2023","897",">2jr","6VV","instelling","De Bundeling","nieuw","uitstroom_onbekend","","","","","","","","","","","",""
"300000008","2023-06-25","2024-03-30","2023","279","6-12mnd","5VV","instelling","Sydehem","nieuw","uitstroom_onbekend","","","","","","","","","","","",""
"300000009","2022-06-01","2022-10-16","2022","137","3-6mnd","5VV","instelling","Sydehem","eigen_zorgcontact","doorstroom_zorgcontact","2022-05-26","VVT","Sensire Wijkverpleging Doetinchem","2022-10-17","VVT","Sensire Wijkverpleging Doetinchem","","","","","",""
"300000010","2024-09-10","2026-02-02","2024","510","1-2jr","5VV","instelling","Sydehem","nieuw","uitstroom_onbekend","","","","","","","","","","","",""
"300000011","2022-07-31","2024-08-12","2022","743",">2jr","6VV","instelling","De Lunette","nieuw","uitstroom_onbekend","","","","","","","","","","","",""
"300000011","2025-09-13","2026-03-22","2025","190","6-12mnd","8VV","instelling","De Lunette","heropname","uitstroom_onbekend","","","","","","","","","","","",""
"300000012","2023-07-08","2023-09-05","2023","59","1-3mnd","6VV","instelling","De Lunette","eigen_zorgcontact","doorstroom_zorgcontact","2023-04-13","VVT","Sensire Wijkverpleging Doetinchem","2023-09-24","VVT","Sensire Wijkverpleging Doetinchem","","","","","",""
"300000013","2023-12-19","2024-04-05","2023","108","3-6mnd","9BVV","instelling","Den Ooiman","nieuw","uitstroom_onbekend","","","","","","","","","","","",""
"300000014","2024-08-14","2024-11-21","2024","99","3-6mnd","9BVV","instelling","Den Ooiman","nieuw","uitstroom_onbekend","","","","","","","","","","","",""
"300000015","2023-01-23","2024-03-26","2023","428","1-2jr","6VV","mpt","Den Ooiman","nieuw","uitstroom_onbekend","","","","","","","","","","","",""
"300000016","2025-03-27","","2025","","","7VV","instelling","De Bundeling","nieuw","nog_in_zorg","","","","","","","","","","","",""
"300000017","2023-05-31","2023-12-17","2023","200","6-12mnd","6VV","vpt","Sydehem","nieuw","uitstroom_onbekend","","","","","","","","","","","",""
"300000017","2024-12-30","2026-02-26","2024","423","1-2jr","7VV","instelling","Den Ooiman","heropname","uitstroom_onbekend","","","","","","","","","","","",""
"300000018","2023-10-04","2023-11-18","2023","45","1-3mnd","5VV","instelling","Sydehem","eigen_zorgcontact","doorstroom_zorgcontact","2023-09-12","VVT","Sensire Wijkverpleging Varsseveld","2023-12-12","VVT","Sensire Wijkverpleging Varsseveld","","","","","",""
"300000019","2024-07-29","2024-08-30","2024","32","1-3mnd","5VV","pgb","De Bundeling","nieuw","overleden","","","","","","","","","","","",""
"300000020","2023-05-31","2023-07-28","2023","58","1-3mnd","6VV","instelling","De Lunette","nieuw","uitstroom_onbekend","","","","","","","","","","","",""
"300000021","2022-10-04","2025-05-14","2022","953",">2jr","8VV","vpt","Den Ooiman","nieuw","uitstroom_ziekenhuis","","","","","","","","","","","",""
"300000022","2023-01-02","2024-02-15","2023","409","1-2jr","4VV","instelling","Den Ooiman","nieuw","uitstroom_onbekend","","","","","","","","","","","",""
"300000023","2025-10-21","2026-04-07","2025","168","3-6mnd","5VV","instelling","De Lunette","eigen_zorgcontact","doorstroom_zorgcontact","2025-08-17","VVT","Sensire Wijkverpleging Varsseveld","2026-04-22","VVT","Sensire Wijkverpleging Varsseveld","","","","","",""
"300000024","2023-02-19","2023-03-22","2023","31","1-3mnd","7VV","pgb","Den Ooiman","nieuw","uitstroom_onbekend","","","","","","","","","","","",""
"300000025","2025-08-17","","2025","","","7VV","instelling","Den Ooiman","nieuw","nog_in_zorg","","","","","","","","","","","",""
"300000026","2023-10-06","2024-04-26","2023","203","6-12mnd","5VV","instelling","Den Ooiman","nieuw","uitstroom_onbekend","","","","","","","","","","","",""
"300000027","2024-06-21","2026-01-06","2024","564","1-2jr","5VV","vpt","Den Ooiman","nieuw","uitstroom_ziekenhuis","","","","","","","","","","","",""
"300000028","2022-11-08","2025-09-28","2022","1055",">2jr","7VV","instelling","De Bundeling","nieuw","uitstroom_ziekenhuis","","","","","","","","","","","",""
"300000029","2025-08-21","","2025","","","6VV","instelling","De Lunette","nieuw","nog_in_zorg","","","","","","","","","","","",""
"300000030","2024-09-12","2025-09-07","2024","360","6-12mnd","8VV","instelling","Sydehem","nieuw","uitstroom_onbekend","","","","","","","","","","","",""
"300000031","2023-01-25","2024-03-17","2023","417","1-2jr","4VV","pgb","Den Ooiman","nieuw","herindicatie","","","","","","","","","","5VV","2024-03-18","Sydehem"
"300000031","2024-03-18","2025-09-21","2024","552","1-2jr","5VV","instelling","Sydehem","herindicatie","uitstroom_onbekend","","","","","","","4VV","2024-03-17","Den Ooiman","","",""
"300000032","2022-04-21","2023-03-27","2022","340","6-12mnd","5VV","instelling","De Bundeling","nieuw","herindicatie","","","","","","","","","","6VV","2023-03-28","De Bundeling"
"300000032","2023-03-28","2024-02-20","2023","329","6-12mnd","6VV","instelling","De Bundeling","herindicatie","uitstroom_onbekend","","","","","","","5VV","2023-03-27","De Bundeling","","",""
"300000033","2022-05-30","2023-07-05","2022","401","1-2jr","4VV","instelling","De Lunette","nieuw","herindicatie","","","","","","","","","","5VV","2023-07-06","De Lunette"
"300000033","2023-07-06","2024-01-31","2023","209","6-12mnd","5VV","instelling","De Lunette","herindicatie","uitstroom_onbekend","","","","","","","4VV","2023-07-05","De Lunette","","",""
