"clientnummer","naam","startdatum","locatie","indicatie","sector","overlijdensdatum"
"200000001","Freriks","9-8-2022","Slingeland Poli Cardiologie","ZVW","MSZ","01-01-1970"
"200000001","Freriks","17-2-2024","Slingeland Poli Interne Geneeskunde","ZVW","MSZ","01-01-1970"
"200000001","Freriks","15-3-2026","Slingeland Poli Geriatrie","ZVW","MSZ","01-01-1970"
"200000002","Gotink","27-7-2022","Slingeland Poli Geriatrie","ZVW","MSZ","01-01-1970"
"200000002","Gotink","7-5-2024","Slingeland Poli Orthopedie","ZVW","MSZ","01-01-1970"
"200000002","Gotink","13-12-2024","Slingeland Poli Orthopedie","ZVW","MSZ","01-01-1970"
"200000003","Rensink","12-10-2024","Slingeland Poli Cardiologie","WMO","MSZ","01-01-1970"
"200000003","Rensink","26-3-2025","Slingeland Poli Neurologie","ZVW","MSZ","01-01-1970"
"200000004","Vreeman","2-6-2023","Slingeland Poli Interne Geneeskunde","ZVW","MSZ","01-01-1970"
"200000004","Vreeman","29-6-2023","Slingeland Poli Geriatrie","ZVW","MSZ","01-01-1970"
"200000004","Vreeman","5-4-2025","Slingeland Poli Interne Geneeskunde","ZVW","MSZ","01-01-1970"
"200000005","Tuenter","11-2-2023","Slingeland Poli Interne Geneeskunde","ZVW","MSZ","01-01-1970"
"200000005","Tuenter","30-5-2024","Slingeland Poli Neurologie","ZVW","MSZ","01-01-1970"
"200000005","Tuenter","2-10-2025","Slingeland Poli Geriatrie","ZVW","MSZ","01-01-1970"
"200000006","Obbink","3-3-2022","Slingeland SEH","ZVW","MSZ","01-01-1970"
"200000006","Obbink","29-5-2025","Slingeland Poli Interne Geneeskunde","ZVW","MSZ","01-01-1970"
"200000006","Obbink","14-6-2025","Slingeland Poli Interne Geneeskunde","ZVW","MSZ","01-01-1970"
"200000007","Wentink","30-11-2023","Slingeland SEH","ZVW","MSZ","01-01-1970"
"200000007","Wentink","27-3-2024","Slingeland Poli Geriatrie","WMO","MSZ","01-01-1970"
"200000008","Roerdink","4-6-2022","Slingeland SEH","WMO","MSZ","30-1-2025"
"200000008","Roerdink","1-9-2024","Slingeland Poli Neurologie","ZVW","MSZ","30-1-2025"
"200000008","Roerdink","4-12-2024","Slingeland Poli Geriatrie","ZVW","MSZ","30-1-2025"
"300000003","te Winkel","31-12-2022","Slingeland SEH","WLZ","MSZ","01-01-1970"
"300000005","Damkot","25-8-2023","Slingeland SEH","ZVW","MSZ","01-01-1970"
"300000006","Klein Holte","11-4-2023","Slingeland SEH","ZVW","MSZ","01-01-1970"
"300000021","Mentink","27-8-2022","Slingeland Poli Orthopedie","WMO","MSZ","01-01-1970"
"300000027","Lettink","18-4-2024","Slingeland Afdeling Geriatrie","ZVW","MSZ","01-01-1970"
"300000028","Abbink","21-5-2022","Slingeland SEH","WLZ","MSZ","01-01-1970"
"300000028","Abbink","7-10-2022","Slingeland SEH","WLZ","MSZ","01-01-1970"
"310000005","Jolink","21-8-2024","Slingeland Poli Cardiologie","ZVW","MSZ","01-01-1970"
"310000014","Leemreis","8-11-2023","Slingeland SEH","WMO","MSZ","01-01-1970"
"310000014","Leemreis","14-12-2024","Slingeland Poli Interne Geneeskunde","WMO","MSZ","01-01-1970"
"310000015","Zieverink","21-11-2021","Slingeland Poli Neurologie","Indicatiebesluit partnerverblijf","MSZ","01-01-1970"
"310000015","Zieverink","22-5-2022","Slingeland Poli Neurologie","WMO","MSZ","01-01-1970"
"310000015","Zieverink","10-1-2023","Slingeland Poli Geriatrie","-","MSZ","01-01-1970"
"310000020","Wisselink","11-11-2022","Slingeland Poli Orthopedie","ZVW","MSZ","01-01-1970"
"310000021","ter Maat","8-6-2025","Slingeland Poli Geriatrie","ZVW","MSZ","01-01-1970"
"310000024","Veldkamp","11-7-2024","Slingeland SEH","WMO","MSZ","01-01-1970"
"310000024","Veldkamp","1-3-2025","Slingeland Poli Orthopedie","-","MSZ","01-01-1970"
"300000003","te Winkel","13-3-2023","Slingeland SEH","ZVW","MSZ","01-01-1970"
"300000005","Damkot","5-1-2025","Slingeland SEH","ZVW","MSZ","01-01-1970"
"300000006","Klein Holte","1-8-2023","Slingeland SEH","ZVW","MSZ","01-01-1970"
"300000021","Mentink","15-5-2025","Slingeland Poli Orthopedie","ZVW","MSZ","01-01-1970"
"300000027","Lettink","7-1-2026","Slingeland Afdeling Geriatrie","ZVW","MSZ","01-01-1970"
"300000028","Abbink","29-9-2025","Slingeland SEH","ZVW","MSZ","01-01-1970"
