organisatie instroom,locatie instroom,locatie intramuraal,indicatie intramuraal,aantal clienten
HZOIJ,Huisartsenpost Slingeland (Doetinchem),Sensire - De Lunette,6VV,2
HZOIJ,Huisartsenpraktijk Ulft,Sensire - Den Ooiman,4VV,1
HZOIJ,Huisartsenpraktijk Varsseveld,Sensire - Den Ooiman,5VV,1
HZOIJ,Huisartsenpraktijk Overstegen (Doetinchem),Sensire - Den Ooiman,7VV,1
HZOIJ,Huisartsenpost Slingeland (Doetinchem),Sensire - Sydehem,6VV,1
HZOIJ,Huisartsenpraktijk De Kruisberg (Doetinchem),Sensire - Sydehem,8VV,1
HZOIJ,Huisartsenpraktijk Terborg,Sensire - Sydehem,8VV,1
Sensire,Sensire Wijkverpleging Varsseveld,Sensire - De Lunette,5VV,1
Sensire,Sensire Wijkverpleging Doetinchem,Sensire - De Lunette,6VV,1
Sensire,Sensire Wijkverpleging Doetinchem,Sensire - Sydehem,5VV,1
Sensire,Sensire Wijkverpleging Varsseveld,Sensire - Sydehem,5VV,1
Slingeland,Slingeland SEH,Sensire - De Bundeling,6VV,1
Slingeland,Slingeland SEH,Sensire - De Bundeling,7VV,1
Slingeland,Slingeland SEH,Sensire - De Lunette,5VV,1
Slingeland,Slingeland SEH,Sensire - De Lunette,6VV,1
Slingeland,Slingeland Afdeling Geriatrie,Sensire - Den Ooiman,5VV,1
Slingeland,Slingeland Poli Orthopedie,Sensire - Den Ooiman,8VV,1
