organisatie uitstroom,locatie uitstroom,locatie intramuraal,indicatie intramuraal,aantal clienten
Sensire,Sensire Wijkverpleging Doetinchem,Sensire - De Lunette,6VV,1
Sensire,Sensire Wijkverpleging Doetinchem,Sensire - Sydehem,5VV,1
Sensire,Sensire Wijkverpleging Varsseveld,Sensire - De Lunette,5VV,1
Sensire,Sensire Wijkverpleging Varsseveld,Sensire - Sydehem,5VV,1
Sensire,overleden,Sensire - De Bundeling,5VV,1
Sensire,overleden,Sensire - Den Ooiman,5VV,1
Sensire,overleden,Sensire - Sydehem,8VV,1
Slingeland,Slingeland Afdeling Geriatrie,Sensire - Den Ooiman,5VV,1
Slingeland,Slingeland Poli Orthopedie,Sensire - Den Ooiman,8VV,1
Slingeland,Slingeland SEH,Sensire - De Bundeling,6VV,1
Slingeland,Slingeland SEH,Sensire - De Bundeling,7VV,1
Slingeland,Slingeland SEH,Sensire - De Lunette,5VV,1
Slingeland,Slingeland SEH,Sensire - De Lunette,6VV,1
